0.000000000000000000e+00,1.008377456959274054e+00
1.001001001001001062e-01,9.692082581507033279e-01
2.002002002002002123e-01,9.835781710460788085e-01
3.003003003003003046e-01,9.110848522849432918e-01
4.004004004004004247e-01,9.798928539181478437e-01
5.005005005005005447e-01,9.053028184070363027e-01
6.006006006006006093e-01,8.968815478055461865e-01
7.007007007007007848e-01,8.910871901559762609e-01
8.008008008008008494e-01,8.478292607219567456e-01
9.009009009009009139e-01,8.126556163826895718e-01
1.001001001001001089e+00,8.206132076776141426e-01
1.101101101101101154e+00,7.618133123447664579e-01
1.201201201201201219e+00,7.761691034983292381e-01
1.301301301301301283e+00,7.076050101742243914e-01
1.401401401401401570e+00,7.403524323545651598e-01
1.501501501501501634e+00,6.663887776550605491e-01
1.601601601601601699e+00,6.105391548459550011e-01
1.701701701701701763e+00,5.408497013030968414e-01
1.801801801801801828e+00,5.028723405729927931e-01
1.901901901901902114e+00,4.940493388730937130e-01
2.002002002002002179e+00,4.781564400148662353e-01
2.102102102102102243e+00,3.466668174963677962e-01
2.202202202202202308e+00,2.972726887254587003e-01
2.302302302302302373e+00,4.090111903039679309e-01
2.402402402402402437e+00,3.686657639073422366e-01
2.502502502502502502e+00,2.264737279881428589e-01
2.602602602602602566e+00,1.975457522282318412e-01
2.702702702702703075e+00,2.011310379583537145e-01
2.802802802802803139e+00,1.233390561096094351e-01
2.902902902902903204e+00,1.048836027341878557e-01
3.003003003003003268e+00,2.964127391838667844e-02
3.103103103103103333e+00,-2.548027088059328163e-02
3.203203203203203397e+00,-9.732698521862757912e-02
3.303303303303303462e+00,-1.480233764434851773e-01
3.403403403403403527e+00,-1.639662274493827177e-01
3.503503503503503591e+00,-2.181189506888686902e-01
3.603603603603603656e+00,-1.673677613937893383e-01
3.703703703703703720e+00,-2.693098756963584473e-01
3.803803803803804229e+00,-3.004240473532366340e-01
3.903903903903904293e+00,-3.161627553824286063e-01
4.004004004004004358e+00,-3.635210922936903954e-01
4.104104104104104422e+00,-4.757163522444957660e-01
4.204204204204204487e+00,-4.125206519152110896e-01
4.304304304304304551e+00,-4.799160412373330575e-01
4.404404404404404616e+00,-4.954430112585928025e-01
4.504504504504504681e+00,-6.129163259436256617e-01
4.604604604604604745e+00,-5.373265980557785371e-01
4.704704704704704810e+00,-6.550373882698843353e-01
4.804804804804804874e+00,-5.912036377163304435e-01
4.904904904904904939e+00,-5.874966624452194752e-01
5.005005005005005003e+00,-6.291012304865948312e-01
5.105105105105105068e+00,-6.675005975471924868e-01
5.205205205205205132e+00,-6.669937481718037908e-01
5.305305305305305197e+00,-7.529682056657205358e-01
5.405405405405406150e+00,-6.936414917230182553e-01
5.505505505505506214e+00,-8.301834148074638264e-01
5.605605605605606279e+00,-7.289102428195475269e-01
5.705705705705706343e+00,-7.523510529072625630e-01
5.805805805805806408e+00,-7.680650914443702959e-01
5.905905905905906472e+00,-6.738422411686787461e-01
6.006006006006006537e+00,-7.012593288294804994e-01
6.106106106106106601e+00,-7.982591388954272116e-01
6.206206206206206666e+00,-7.772943783553715180e-01
6.306306306306306730e+00,-6.734792809289621429e-01
6.406406406406406795e+00,-7.343758983152142150e-01
6.506506506506506859e+00,-7.182335381475296598e-01
6.606606606606606924e+00,-6.747940425887420934e-01
6.706706706706706989e+00,-7.866485177688469221e-01
6.806806806806807053e+00,-6.798390252105726006e-01
6.906906906906907118e+00,-6.322732524220379124e-01
7.007007007007007182e+00,-6.660461691909438375e-01
7.107107107107107247e+00,-7.245851918577501660e-01
7.207207207207207311e+00,-7.178022819868699056e-01
7.307307307307307376e+00,-5.730686270248965819e-01
7.407407407407407440e+00,-5.859568382996105385e-01
7.507507507507508393e+00,-5.507302183842949228e-01
7.607607607607608458e+00,-4.520265630606350449e-01
7.707707707707708522e+00,-5.216214092907863753e-01
7.807807807807808587e+00,-5.221985309822755328e-01
7.907907907907908651e+00,-4.095104914942949148e-01
8.008008008008008716e+00,-4.516776919811937296e-01
8.108108108108108780e+00,-3.442820761927064543e-01
8.208208208208208845e+00,-3.799718036042943337e-01
8.308308308308308909e+00,-3.452848261954326592e-01
8.408408408408408974e+00,-3.894623753612896921e-01
8.508508508508509038e+00,-2.622161833921919372e-01
8.608608608608609103e+00,-2.731256899307067387e-01
8.708708708708709167e+00,-2.966396626129991776e-01
8.808808808808809232e+00,-1.940813252563335645e-01
8.908908908908909297e+00,-2.441024384831266270e-01
9.009009009009009361e+00,-1.564548403740257665e-01
9.109109109109109426e+00,-1.282760283621219854e-01
9.209209209209209490e+00,-1.142785848565771450e-01
9.309309309309309555e+00,-9.752545401760912003e-02
9.409409409409409619e+00,-3.064041045546924552e-02
9.509509509509509684e+00,7.034087093404720048e-02
9.609609609609609748e+00,6.261444761762403888e-02
9.709709709709709813e+00,5.174568230958129927e-02
9.809809809809809877e+00,8.142192915767482164e-02
9.909909909909909942e+00,7.932889073680893244e-02
1.001001001001001001e+01,2.186039590593350790e-01
1.011011011011011007e+01,1.918000366409585433e-01
1.021021021021021014e+01,1.739460975357180472e-01
1.031031031031031020e+01,2.202381951205600874e-01
1.041041041041041026e+01,2.359726878011170481e-01
1.051051051051051033e+01,2.000430977424684786e-01
1.061061061061061039e+01,2.480564787075624222e-01
1.071071071071071223e+01,4.006219797873379340e-01
1.081081081081081230e+01,3.104387955702401780e-01
1.091091091091091236e+01,3.763504956190183992e-01
1.101101101101101243e+01,4.668130784688968582e-01
1.111111111111111249e+01,3.335556340753383364e-01
1.121121121121121256e+01,4.368410040013090412e-01
1.131131131131131262e+01,4.480061020737157174e-01
1.141141141141141269e+01,4.612009075991774232e-01
1.151151151151151275e+01,4.607703815254431401e-01
1.161161161161161282e+01,4.772881860871596160e-01
1.171171171171171288e+01,5.084664593149024192e-01
1.181181181181181294e+01,4.407215315129200395e-01
1.191191191191191301e+01,4.664266494704254473e-01
1.201201201201201307e+01,4.226907350390639029e-01
1.211211211211211314e+01,5.258265891809235093e-01
1.221221221221221320e+01,4.807952000680613680e-01
1.231231231231231327e+01,5.167264411790122303e-01
1.241241241241241333e+01,5.082483939769943948e-01
1.251251251251251340e+01,4.862921778158144637e-01
1.261261261261261346e+01,5.267787335254510150e-01
1.271271271271271353e+01,6.051581691920496775e-01
1.281281281281281359e+01,4.584999609982224889e-01
1.291291291291291365e+01,5.246959269305224716e-01
1.301301301301301372e+01,4.651382124152220743e-01
1.311311311311311378e+01,4.775379951029568026e-01
1.321321321321321385e+01,4.686292818397597704e-01
1.331331331331331391e+01,5.021871036993172943e-01
1.341341341341341398e+01,5.156303107346916770e-01
1.351351351351351404e+01,3.841384562263981950e-01
1.361361361361361411e+01,3.797394554891305729e-01
1.371371371371371417e+01,4.128481344805495779e-01
1.381381381381381424e+01,3.799270491054060894e-01
1.391391391391391430e+01,4.119853158984771446e-01
1.401401401401401436e+01,3.488071447991587526e-01
1.411411411411411443e+01,3.956685132375261649e-01
1.421421421421421449e+01,3.385216222298568778e-01
1.431431431431431456e+01,2.623837635332206819e-01
1.441441441441441462e+01,1.798530623656631466e-01
1.451451451451451469e+01,1.887210084842167179e-01
1.461461461461461475e+01,2.637059195522987176e-01
1.471471471471471482e+01,2.942248142161195124e-01
1.481481481481481488e+01,7.379065698462128342e-02
1.491491491491491495e+01,1.879863203086440393e-01
1.501501501501501679e+01,1.817226958684366178e-01
1.511511511511511685e+01,6.495809686091232049e-02
1.521521521521521692e+01,9.315530817643333239e-02
1.531531531531531698e+01,1.995614462585622306e-02
1.541541541541541704e+01,9.971184424045806405e-03
1.551551551551551711e+01,9.221160101871656023e-02
1.561561561561561717e+01,4.049873421996170314e-02
1.571571571571571724e+01,-2.358942787195654305e-03
1.581581581581581730e+01,-9.642674434907280712e-02
1.591591591591591737e+01,-9.217953737238204770e-02
1.601601601601601743e+01,-1.108714357876796341e-01
1.611611611611611750e+01,-1.696992147396215733e-01
1.621621621621621756e+01,-1.648861882735318529e-01
1.631631631631631763e+01,-2.420757906070054033e-01
1.641641641641641769e+01,-2.011448681121083548e-01
1.651651651651651775e+01,-1.498175718258154265e-01
1.661661661661661782e+01,-2.362061936721498723e-01
1.671671671671671788e+01,-2.266343383420390545e-01
1.681681681681681795e+01,-2.667128521570847344e-01
1.691691691691691801e+01,-2.497256682753246082e-01
1.701701701701701808e+01,-3.674156367897184472e-01
1.711711711711711814e+01,-2.734682489180586540e-01
1.721721721721721821e+01,-2.893430659111734249e-01
1.731731731731731827e+01,-3.146370488925824827e-01
1.741741741741741833e+01,-3.774462055864873933e-01
1.751751751751751840e+01,-4.107250354120859925e-01
1.761761761761761846e+01,-3.534432115242252537e-01
1.771771771771771853e+01,-2.760036547320266487e-01
1.781781781781781859e+01,-4.192486767095209843e-01
1.791791791791791866e+01,-4.041669331254314490e-01
1.801801801801801872e+01,-3.853559953446910047e-01
1.811811811811811879e+01,-3.397045631472113136e-01
1.821821821821821885e+01,-3.320284193216528346e-01
1.831831831831831892e+01,-4.048842947639101908e-01
1.841841841841841898e+01,-4.159703214751783729e-01
1.851851851851851904e+01,-4.582945812801292318e-01
1.861861861861861911e+01,-4.169039898929582932e-01
1.871871871871871917e+01,-4.613052566255850806e-01
1.881881881881881924e+01,-5.133607545294825991e-01
1.891891891891891930e+01,-4.056089831988796135e-01
1.901901901901901937e+01,-3.999094588518040116e-01
1.911911911911911943e+01,-3.856859039210799311e-01
1.921921921921921950e+01,-3.645795887946034486e-01
1.931931931931931956e+01,-4.025913450851011932e-01
1.941941941941941963e+01,-3.238941158117210062e-01
1.951951951951951969e+01,-4.244570246771020017e-01
1.961961961961961975e+01,-3.641361686307763024e-01
1.971971971971971982e+01,-4.003548642098825328e-01
1.981981981981981988e+01,-3.577045397550434602e-01
1.991991991991991995e+01,-4.078833682477429057e-01
2.002002002002002001e+01,-3.096243131818761651e-01
2.012012012012012008e+01,-4.317520165078744254e-01
2.022022022022022014e+01,-3.100945154905979106e-01
2.032032032032032021e+01,-3.801607962568902543e-01
2.042042042042042027e+01,-2.771551406143340501e-01
2.052052052052052034e+01,-1.849810897538637089e-01
2.062062062062062040e+01,-1.998109803007917518e-01
2.072072072072072046e+01,-2.840343024297384278e-01
2.082082082082082053e+01,-3.038145490746225752e-01
2.092092092092092059e+01,-2.101875479652895173e-01
2.102102102102102066e+01,-1.510693249286525208e-01
2.112112112112112072e+01,-1.325379495561533338e-01
2.122122122122122079e+01,-9.826737503038726618e-02
2.132132132132132085e+01,-1.369244222972269276e-01
2.142142142142142447e+01,-1.461979000859843780e-01
2.152152152152152453e+01,-1.674055143408370028e-01
2.162162162162162460e+01,-7.213729243637098665e-02
2.172172172172172466e+01,-5.970103177300674357e-02
2.182182182182182473e+01,-1.018521408545197265e-01
2.192192192192192479e+01,-6.183315595762185757e-02
2.202202202202202486e+01,-4.877105042534381207e-02
2.212212212212212492e+01,2.428767293167915717e-02
2.222222222222222499e+01,-9.182795219570411005e-02
2.232232232232232505e+01,5.518874359204980345e-02
2.242242242242242511e+01,1.186432478102476124e-01
2.252252252252252518e+01,1.168862241160489729e-01
2.262262262262262524e+01,1.169961993463218969e-01
2.272272272272272531e+01,5.097680667551120204e-02
2.282282282282282537e+01,1.090617493595398002e-01
2.292292292292292544e+01,1.243132696000932153e-01
2.302302302302302550e+01,1.382400597200750814e-01
2.312312312312312557e+01,1.916632839014568712e-01
2.322322322322322563e+01,9.547653365855313101e-02
2.332332332332332570e+01,2.165012986494164182e-01
2.342342342342342576e+01,1.424527369278193734e-01
2.352352352352352582e+01,1.889481185208817526e-01
2.362362362362362589e+01,1.427649692177651586e-01
2.372372372372372595e+01,2.386756804441502178e-01
2.382382382382382602e+01,1.851448554924637335e-01
2.392392392392392608e+01,2.387052224365750208e-01
2.402402402402402615e+01,2.119656036977099756e-01
2.412412412412412621e+01,1.987739340759740736e-01
2.422422422422422628e+01,2.087990723704825635e-01
2.432432432432432634e+01,2.751812639666337823e-01
2.442442442442442641e+01,1.988303832300223339e-01
2.452452452452452647e+01,3.199193204061379081e-01
2.462462462462462653e+01,2.885526064635952070e-01
2.472472472472472660e+01,2.578125334931743451e-01
2.482482482482482666e+01,2.956482087569806128e-01
2.492492492492492673e+01,2.802302417569156323e-01
2.502502502502502679e+01,2.708173490460932253e-01
2.512512512512512686e+01,2.669237230625685076e-01
2.522522522522522692e+01,1.842138106480754045e-01
2.532532532532532699e+01,3.255176596836498737e-01
2.542542542542542705e+01,2.325598444977535206e-01
2.552552552552552712e+01,2.596939423668799818e-01
2.562562562562562718e+01,1.673827493181136439e-01
2.572572572572572724e+01,2.627558488816192916e-01
2.582582582582582731e+01,2.155221909288161375e-01
2.592592592592592737e+01,1.940296727363704787e-01
2.602602602602602744e+01,1.651588312956450699e-01
2.612612612612612750e+01,1.829446037480089993e-01
2.622622622622622757e+01,2.975609752672693231e-01
2.632632632632632763e+01,1.136455256168537459e-01
2.642642642642642770e+01,1.912969157024618228e-01
2.652652652652652776e+01,1.177957939653452024e-01
2.662662662662662783e+01,8.218709300500180726e-02
2.672672672672672789e+01,1.129521673257969511e-01
2.682682682682682795e+01,1.329486912030768131e-01
2.692692692692692802e+01,2.527401253832953776e-01
2.702702702702702808e+01,1.411121844665818859e-01
2.712712712712712815e+01,1.385582775197690686e-01
2.722722722722722821e+01,1.484212770093214784e-01
2.732732732732732828e+01,2.609989746828049462e-02
2.742742742742742834e+01,1.476958342125222201e-01
2.752752752752752841e+01,8.281456643353481140e-02
2.762762762762762847e+01,-5.461016213527905561e-02
2.772772772772772854e+01,-6.029549346278852140e-02
2.782782782782782860e+01,-3.134776758569910587e-02
2.792792792792792866e+01,-3.993754807773045035e-02
2.802802802802802873e+01,2.818871742306076206e-02
2.812812812812812879e+01,8.675004809106086345e-02
2.822822822822822886e+01,-9.012463954702178148e-02
2.832832832832832892e+01,-1.889248160830626216e-03
2.842842842842842899e+01,-2.263037446403709171e-02
2.852852852852852905e+01,-7.199001469333379810e-02
2.862862862862862912e+01,-1.037765127652946900e-01
2.872872872872872918e+01,-1.287973034787214255e-01
2.882882882882882924e+01,-1.664489955760919959e-01
2.892892892892892931e+01,-1.221556713979439768e-01
2.902902902902902937e+01,-1.116556221078515571e-01
2.912912912912912944e+01,-1.784354834687396640e-01
2.922922922922922950e+01,-1.639908946245970389e-01
2.932932932932932957e+01,-1.507069403686133180e-01
2.942942942942942963e+01,-1.905045805273101189e-01
2.952952952952952970e+01,-9.292208459960020484e-02
2.962962962962962976e+01,-2.074429307755849550e-01
2.972972972972972983e+01,-1.576381414930066172e-01
2.982982982982982989e+01,-1.684815041352348275e-01
2.992992992992993351e+01,-2.152738337144452230e-01
3.003003003003003357e+01,-1.782584558106399819e-01
3.013013013013013364e+01,-2.131774700003006007e-01
3.023023023023023370e+01,-1.532410270210647352e-01
3.033033033033033377e+01,-2.334760705914799284e-01
3.043043043043043383e+01,-1.955797160544608393e-01
3.053053053053053389e+01,-2.037015564344454577e-01
3.063063063063063396e+01,-2.070296807355583302e-01
3.073073073073073402e+01,-1.899012058693299310e-01
3.083083083083083409e+01,-2.441488596892166796e-01
3.093093093093093415e+01,-3.031297743912101383e-01
3.103103103103103422e+01,-2.043553091388395637e-01
3.113113113113113428e+01,-1.807246849684665257e-01
3.123123123123123435e+01,-2.936492615565692299e-01
3.133133133133133441e+01,-2.834152639918183225e-01
3.143143143143143448e+01,-2.765023087534397850e-01
3.153153153153153454e+01,-1.979418019383074046e-01
3.163163163163163460e+01,-2.148976706841345397e-01
3.173173173173173467e+01,-2.740051368123788689e-01
3.183183183183183473e+01,-2.830057386792097507e-01
3.193193193193193480e+01,-2.255422490323096274e-01
3.203203203203203486e+01,-2.634555097429002180e-01
3.213213213213213493e+01,-2.263658369298071071e-01
3.223223223223223499e+01,-2.113008912983379839e-01
3.233233233233233506e+01,-2.513165307198602649e-01
3.243243243243243512e+01,-1.698556876771033508e-01
3.253253253253253519e+01,-1.540234992789306090e-01
3.263263263263263525e+01,-2.057774191643125250e-01
3.273273273273273531e+01,-2.048929421266210138e-01
3.283283283283283538e+01,-1.661828265880808397e-01
3.293293293293293544e+01,-1.798875435533809908e-01
3.303303303303303551e+01,-1.863729456532722817e-01
3.313313313313313557e+01,-2.443371223771376721e-01
3.323323323323323564e+01,-1.052109165609119712e-01
3.333333333333333570e+01,-1.752916510424580299e-01
3.343343343343343577e+01,-7.880815844361792333e-02
3.353353353353353583e+01,-1.678288514284657917e-01
3.363363363363363590e+01,-9.483262712753381951e-02
3.373373373373373596e+01,-1.019257537688550985e-01
3.383383383383383602e+01,-8.205118934433860978e-02
3.393393393393393609e+01,-1.408714856904926538e-01
3.403403403403403615e+01,-8.628441376042078614e-02
3.413413413413413622e+01,-6.033305974466982025e-03
3.423423423423423628e+01,-9.170359662237270726e-02
3.433433433433433635e+01,1.644895155609382709e-02
3.443443443443443641e+01,-2.893897583456105441e-02
3.453453453453453648e+01,3.189279528195341357e-02
3.463463463463463654e+01,-4.659941978510338118e-02
3.473473473473473661e+01,-1.227090526465971498e-01
3.483483483483483667e+01,-3.080030465320979585e-02
3.493493493493493673e+01,-7.276882207972602823e-02
3.503503503503503680e+01,-2.964973977534815508e-02
3.513513513513513686e+01,1.388852018347860873e-03
3.523523523523523693e+01,2.248693263376876778e-02
3.533533533533533699e+01,4.901173369223864318e-02
3.543543543543543706e+01,1.107892776011199509e-01
3.553553553553553712e+01,1.715743731943510791e-02
3.563563563563563719e+01,1.039343747471263568e-02
3.573573573573573725e+01,1.407476113968801623e-01
3.583583583583583732e+01,2.473216682845083558e-02
3.593593593593593738e+01,-1.031615616748005060e-02
3.603603603603603744e+01,5.238841238333571959e-02
3.613613613613613751e+01,4.641412451582192789e-02
3.623623623623623757e+01,6.515166789872317565e-02
3.633633633633633764e+01,1.485118242769987995e-02
3.643643643643643770e+01,9.513326148731901521e-02
3.653653653653653777e+01,5.918262334747217968e-02
3.663663663663663783e+01,1.593645344769515082e-01
3.673673673673673790e+01,2.593889686676549566e-02
3.683683683683683796e+01,1.592994336003852873e-01
3.693693693693693803e+01,5.356238940748962729e-02
3.703703703703703809e+01,1.911442388064863440e-01
3.713713713713713815e+01,1.082390056556273294e-01
3.723723723723723822e+01,1.483759278193357012e-01
3.733733733733733828e+01,1.050568631698867439e-01
3.743743743743743835e+01,8.982670054885939781e-02
3.753753753753753841e+01,1.121483617339320144e-01
3.763763763763763848e+01,1.841772253054181352e-01
3.773773773773773854e+01,8.430168306769099396e-02
3.783783783783783861e+01,1.164531411701575925e-01
3.793793793793793867e+01,9.487238452323917826e-02
3.803803803803803874e+01,1.639641920360765115e-01
3.813813813813813880e+01,1.154907072218908926e-01
3.823823823823823886e+01,7.263619238525466371e-02
3.833833833833833893e+01,1.475629251991256441e-01
3.843843843843843899e+01,7.622166782318373635e-02
3.853853853853853906e+01,1.177314766633490439e-01
3.863863863863863912e+01,1.081586998960263057e-01
3.873873873873873919e+01,5.267096966097374600e-02
3.883883883883883925e+01,1.436108768599787533e-01
3.893893893893893932e+01,-4.120138235983714092e-03
3.903903903903903938e+01,2.027742172748409066e-02
3.913913913913913944e+01,5.829284928346699368e-02
3.923923923923923951e+01,3.686976938660223302e-02
3.933933933933933957e+01,6.735636468743839977e-02
3.943943943943943964e+01,8.035854344435276742e-02
3.953953953953953970e+01,1.508872116653387496e-01
3.963963963963963977e+01,-8.432476467858662783e-02
3.973973973973973983e+01,5.497466292973855750e-02
3.983983983983983990e+01,-3.029766682661834409e-02
3.993993993993993996e+01,-6.121837031840648979e-02
4.004004004004004003e+01,4.597609380874884827e-02
4.014014014014014009e+01,-4.531758438267127764e-03
4.024024024024024015e+01,2.949648893487093887e-02
4.034034034034034022e+01,5.412690692308969737e-02
4.044044044044044028e+01,-2.287744968403778931e-02
4.054054054054054035e+01,6.508316146980064332e-02
4.064064064064064041e+01,-7.861886124216220517e-02
4.074074074074074048e+01,9.524656556528570892e-04
4.084084084084084054e+01,-6.236047504876218728e-02
4.094094094094094061e+01,3.862156396968840361e-02
4.104104104104104067e+01,-5.808154339352986084e-02
4.114114114114114074e+01,-7.194931038288192304e-02
4.124124124124124080e+01,-1.653582200453842521e-01
4.134134134134134086e+01,-2.833235858687494294e-02
4.144144144144144093e+01,3.179171613994596912e-02
4.154154154154154099e+01,-5.434625582120364978e-02
4.164164164164164106e+01,-6.823757193245336139e-02
4.174174174174174112e+01,-1.141476692903903856e-01
4.184184184184184119e+01,-1.009091446966668276e-01
4.194194194194194125e+01,-1.097671959752261062e-02
4.204204204204204132e+01,-1.373943281802210425e-01
4.214214214214214138e+01,2.375396119676909112e-03
4.224224224224224145e+01,-1.181744143258704471e-01
4.234234234234234151e+01,-6.288247514295695895e-02
4.244244244244244157e+01,-1.055267181656331515e-01
4.254254254254254164e+01,-1.029600753822211973e-01
4.264264264264264170e+01,-1.073112681916936484e-01
4.274274274274274887e+01,-2.760408499271606586e-01
4.284284284284284894e+01,-1.082792755069139912e-01
4.294294294294294900e+01,-4.870123267666953693e-02
4.304304304304304907e+01,-2.555468512160433692e-01
4.314314314314314913e+01,-3.824483586088055220e-02
4.324324324324324920e+01,-7.511634386532467511e-02
4.334334334334334926e+01,-9.667007180948664069e-02
4.344344344344344933e+01,-8.565932484038962791e-02
4.354354354354354939e+01,-1.676504008091989906e-01
4.364364364364364945e+01,-1.306714428395766570e-01
4.374374374374374952e+01,-1.496354079551636129e-01
4.384384384384384958e+01,-1.556235034609382839e-01
4.394394394394394965e+01,-1.754476273886410864e-01
4.404404404404404971e+01,-1.879210699637072490e-01
4.414414414414414978e+01,-1.347241750956531814e-01
4.424424424424424984e+01,-3.625889322109721036e-02
4.434434434434434991e+01,-2.583796571379273765e-02
4.444444444444444997e+01,-1.582277918829089192e-01
4.454454454454455004e+01,-1.235493621871451703e-01
4.464464464464465010e+01,-1.627941198884014229e-01
4.474474474474475016e+01,-1.634521776749440214e-01
4.484484484484485023e+01,-1.199857263919820866e-01
4.494494494494495029e+01,-6.444732681014062048e-02
4.504504504504505036e+01,-2.052400719997804490e-01
4.514514514514515042e+01,-1.390825974349875482e-01
4.524524524524525049e+01,-2.260328398992627469e-02
4.534534534534535055e+01,-1.632582537760137731e-01
4.544544544544545062e+01,-2.384099495664768892e-02
4.554554554554555068e+01,-2.148345086611278543e-01
4.564564564564565075e+01,-1.104397869925555636e-01
4.574574574574575081e+01,-1.112770005867809442e-01
4.584584584584585087e+01,-8.338014746313190950e-02
4.594594594594595094e+01,-5.408681329383718123e-02
4.604604604604605100e+01,-4.604150850082536911e-02
4.614614614614615107e+01,-5.106851632848093125e-02
4.624624624624625113e+01,-1.525286232436595668e-02
4.634634634634635120e+01,1.537661912070481529e-02
4.644644644644645126e+01,-9.001977653096979171e-02
4.654654654654655133e+01,-3.252651097064564178e-02
4.664664664664665139e+01,-1.146700096009788672e-01
4.674674674674675146e+01,-1.247645961117188340e-01
4.684684684684685152e+01,-6.146436036729342051e-02
4.694694694694695158e+01,-4.498487950787648931e-02
4.704704704704705165e+01,-4.616136165697665161e-02
4.714714714714715171e+01,-3.970984776389246962e-02
4.724724724724725178e+01,2.279376863569360437e-02
4.734734734734735184e+01,-8.616978451654187798e-02
4.744744744744745191e+01,4.982266418972726429e-02
4.754754754754755197e+01,2.415625309282706801e-02
4.764764764764765204e+01,7.657907468598555700e-02
4.774774774774775210e+01,3.129309252407846964e-02
4.784784784784785217e+01,3.438949026186004232e-02
4.794794794794795223e+01,-7.937736228509600922e-03
4.804804804804805229e+01,3.891276279922813164e-02
4.814814814814815236e+01,1.050807342860690108e-01
4.824824824824825242e+01,2.297573448697317125e-02
4.834834834834835249e+01,-1.233906091015265355e-02
4.844844844844845255e+01,-8.643982762316169965e-02
4.854854854854855262e+01,8.422530920951312727e-02
4.864864864864865268e+01,-1.642260909152336995e-02
4.874874874874875275e+01,-2.111894119479465481e-02
4.884884884884885281e+01,9.728582271567953743e-02
4.894894894894895288e+01,-1.931165657406130887e-02
4.904904904904905294e+01,6.068620548964548389e-02
4.914914914914915300e+01,-6.241134476820199561e-02
4.924924924924925307e+01,7.287220113911530017e-03
4.934934934934935313e+01,1.198874291027399175e-03
4.944944944944945320e+01,1.117268088950858496e-01
4.954954954954955326e+01,3.514027376172318418e-04
4.964964964964965333e+01,3.366651260534073847e-02
4.974974974974975339e+01,-8.502951386249180121e-04
4.984984984984985346e+01,1.071673995317244943e-01
4.994994994994995352e+01,9.769810141137726112e-02
5.005005005005005358e+01,8.153639908437722295e-02
5.015015015015015365e+01,5.074946120014796336e-02
5.025025025025025371e+01,1.431339586886720139e-01
5.035035035035035378e+01,7.022585481137039176e-02
5.045045045045045384e+01,-1.520775628652901168e-02
5.055055055055055391e+01,7.736556703310221161e-02
5.065065065065065397e+01,-2.450444108447624725e-02
5.075075075075075404e+01,4.189802275305787999e-02
5.085085085085085410e+01,2.807214077384558720e-02
5.095095095095095417e+01,8.600017214001853816e-02
5.105105105105105423e+01,6.448800647098706929e-02
5.115115115115115429e+01,-2.255471946254537785e-02
5.125125125125125436e+01,5.401305855172081061e-02
5.135135135135135442e+01,-3.547784013379826074e-02
5.145145145145145449e+01,1.320737410204689266e-01
5.155155155155155455e+01,4.797764478276335398e-02
5.165165165165165462e+01,7.460580573246033964e-02
5.175175175175175468e+01,8.848804988372420410e-02
5.185185185185185475e+01,6.701032181564042789e-02
5.195195195195195481e+01,3.684561118613208924e-02
5.205205205205205488e+01,2.924441237313508968e-03
5.215215215215215494e+01,-3.762997368105368973e-02
5.225225225225225500e+01,7.580549695090499362e-02
5.235235235235235507e+01,5.978629059354265141e-02
5.245245245245245513e+01,2.857383104857396175e-02
5.255255255255255520e+01,1.226775245295760458e-01
5.265265265265265526e+01,1.197230923034632404e-02
5.275275275275275533e+01,5.744927914619914200e-02
5.285285285285285539e+01,-2.129089715823477558e-03
5.295295295295295546e+01,-2.373953312572426796e-02
5.305305305305305552e+01,-7.411108658759453516e-02
5.315315315315315559e+01,4.403389529830300901e-03
5.325325325325325565e+01,2.306653751393663784e-02
5.335335335335335571e+01,3.489960559421844549e-02
5.345345345345345578e+01,-1.229285959254419608e-01
5.355355355355355584e+01,4.119762458671256955e-02
5.365365365365365591e+01,-2.847718497500533949e-02
5.375375375375375597e+01,-3.226302341272524465e-02
5.385385385385385604e+01,-8.269358438750257223e-02
5.395395395395395610e+01,-4.216327489953865248e-02
5.405405405405405617e+01,-9.047783079353050040e-02
5.415415415415415623e+01,6.587074595172526248e-02
5.425425425425425630e+01,-1.433256779615284075e-02
5.435435435435435636e+01,-9.567606782245878516e-02
5.445445445445445642e+01,-1.347901444853900343e-01
5.455455455455455649e+01,-4.588987353459762775e-02
5.465465465465465655e+01,-1.075665676202748264e-02
5.475475475475475662e+01,-8.604386561599904060e-03
5.485485485485485668e+01,-5.628367148577793216e-02
5.495495495495495675e+01,-9.480115901665098210e-02
5.505505505505505681e+01,-7.025260527180764158e-02
5.515515515515515688e+01,-1.135562177129475075e-01
5.525525525525525694e+01,-2.796514067882641813e-02
5.535535535535535701e+01,-4.120154223050657288e-02
5.545545545545545707e+01,-4.829503718156927944e-02
5.555555555555555713e+01,-1.204012964763608168e-01
5.565565565565565720e+01,-8.517103361756218904e-02
5.575575575575575726e+01,-9.560264623926320593e-02
5.585585585585585733e+01,2.072750303354433526e-02
5.595595595595595739e+01,-6.613408855431139599e-02
5.605605605605605746e+01,-8.184827384528631233e-02
5.615615615615615752e+01,-2.047782438278705069e-02
5.625625625625625759e+01,-6.602596959665871235e-02
5.635635635635635765e+01,-7.353630801945948425e-02
5.645645645645645772e+01,-8.175364236252709305e-02
5.655655655655655778e+01,-7.039086506920710917e-02
5.665665665665665784e+01,3.027150203862583738e-02
5.675675675675675791e+01,-9.691761859487278696e-02
5.685685685685685797e+01,-1.503069645696559764e-01
5.695695695695695804e+01,-2.495727160826362312e-03
5.705705705705705810e+01,-5.406798843578065200e-02
5.715715715715715817e+01,-1.646467635035848143e-01
5.725725725725725823e+01,-9.280345185524521701e-04
5.735735735735735830e+01,-7.753947270023650584e-02
5.745745745745745836e+01,-8.162603369611766413e-02
5.755755755755755843e+01,-4.134201521822393477e-02
5.765765765765765849e+01,-4.070744568199921587e-02
5.775775775775775855e+01,-1.033562133187880816e-01
5.785785785785785862e+01,-1.351358708863455993e-01
5.795795795795795868e+01,-1.558028477968388947e-01
5.805805805805805875e+01,-1.659923356530249305e-01
5.815815815815815881e+01,-7.414430406381387895e-02
5.825825825825825888e+01,-4.730661144282253400e-03
5.835835835835835894e+01,-1.044387958025711632e-01
5.845845845845845901e+01,-8.478648421707171701e-02
5.855855855855855907e+01,-7.057362299618895329e-02
5.865865865865865914e+01,-8.288520663515908105e-02
5.875875875875875920e+01,2.058751958010627062e-02
5.885885885885885926e+01,-7.125733097168267249e-02
5.895895895895895933e+01,-3.408296539630880501e-02
5.905905905905905939e+01,-4.026095772218551277e-02
5.915915915915915946e+01,-8.439206917511028749e-02
5.925925925925925952e+01,-1.367217304440148523e-02
5.935935935935935959e+01,-3.236839887100922963e-02
5.945945945945945965e+01,4.324472345236538701e-02
5.955955955955955972e+01,-3.508396566955883367e-02
5.965965965965965978e+01,2.055161734307301563e-02
5.975975975975975985e+01,-1.110418582939243920e-01
5.985985985985986702e+01,-6.111394001945510968e-02
5.995995995995996708e+01,-4.675883305200898010e-02
6.006006006006006714e+01,-7.174450610886839996e-02
6.016016016016016721e+01,-3.239453568999702687e-02
6.026026026026026727e+01,-9.221487384700556567e-02
6.036036036036036734e+01,2.517540554467948694e-02
6.046046046046046740e+01,-1.949756533099344588e-02
6.056056056056056747e+01,-2.539899989656801277e-02
6.066066066066066753e+01,-5.483551377428663720e-02
6.076076076076076760e+01,5.579043120871284012e-02
6.086086086086086766e+01,2.798622281073227802e-02
6.096096096096096772e+01,7.915762226122818879e-02
6.106106106106106779e+01,-6.103034247623938952e-03
6.116116116116116785e+01,5.934543094607337005e-02
6.126126126126126792e+01,-3.144687580757589418e-02
6.136136136136136798e+01,1.453023486351654597e-02
6.146146146146146805e+01,8.428323009704197233e-03
6.156156156156156811e+01,6.862468207025521766e-03
6.166166166166166818e+01,-1.353695749651608049e-02
6.176176176176176824e+01,1.801828270953322389e-02
6.186186186186186831e+01,3.044413599657846969e-02
6.196196196196196837e+01,3.052929095750779587e-02
6.206206206206206843e+01,-8.447594658162252412e-02
6.216216216216216850e+01,4.553257812569211360e-02
6.226226226226226856e+01,1.969615426906686645e-02
6.236236236236236863e+01,6.883529015002129436e-02
6.246246246246246869e+01,7.892238863608111443e-02
6.256256256256256876e+01,5.007855947266180024e-02
6.266266266266266882e+01,1.024064082155725641e-01
6.276276276276276889e+01,6.435218717635594887e-02
6.286286286286286895e+01,-3.645973063943677012e-02
6.296296296296296902e+01,-9.950990462688151517e-03
6.306306306306306908e+01,9.307859106472554656e-02
6.316316316316316914e+01,-9.785815519172756660e-03
6.326326326326326921e+01,-5.320551800840200851e-02
6.336336336336336927e+01,4.728305589325898506e-02
6.346346346346346934e+01,5.461365549900799865e-02
6.356356356356356940e+01,-4.303167385795888394e-02
6.366366366366366947e+01,-3.615540573263074237e-02
6.376376376376376953e+01,-1.010135028105621502e-02
6.386386386386386960e+01,2.262503953234001192e-02
6.396396396396396966e+01,-6.113876459919705131e-02
6.406406406406406973e+01,8.031129481454828828e-03
6.416416416416416268e+01,3.796788249481160282e-02
6.426426426426426985e+01,5.744520439544184565e-02
6.436436436436436281e+01,-1.184736398108765798e-01
6.446446446446446998e+01,-6.008261177514338802e-02
6.456456456456456294e+01,3.569497798430351643e-02
6.466466466466467011e+01,1.083251165050272066e-02
6.476476476476476307e+01,5.387596890186301807e-02
6.486486486486487024e+01,3.888816307572127984e-02
6.496496496496496320e+01,1.400617233682772689e-01
6.506506506506507037e+01,-3.556168060553302479e-02
6.516516516516516333e+01,-1.060474494475342339e-01
6.526526526526527050e+01,-6.700566697935812777e-02
6.536536536536536346e+01,5.792433557083621898e-03
6.546546546546547063e+01,-8.908955625743367190e-02
6.556556556556556359e+01,-5.202542797802452157e-02
6.566566566566567076e+01,-1.050164495142554277e-01
6.576576576576576372e+01,-9.383500411490101889e-02
6.586586586586587089e+01,-6.296168946830792146e-02
6.596596596596596385e+01,-4.480624924572838841e-02
6.606606606606607102e+01,-4.920695509726320110e-02
6.616616616616616398e+01,-5.053859756331362252e-02
6.626626626626627115e+01,-1.105260202487346952e-02
6.636636636636636410e+01,-9.865128964315039717e-02
6.646646646646647127e+01,-1.438234025142702821e-01
6.656656656656656423e+01,-7.596729696606321913e-02
6.666666666666667140e+01,-6.157218351106649723e-02
6.676676676676676436e+01,-9.350897340022044923e-02
6.686686686686687153e+01,-1.124073417253412949e-01
6.696696696696696449e+01,-8.305155232733657522e-02
6.706706706706707166e+01,-5.855452554518936550e-03
6.716716716716716462e+01,-4.667539120856552259e-02
6.726726726726727179e+01,-4.298588282055611914e-02
6.736736736736736475e+01,1.433615868792113834e-03
6.746746746746747192e+01,-3.236198794915318838e-02
6.756756756756756488e+01,-6.053172933146747092e-02
6.766766766766767205e+01,8.141112488436925282e-03
6.776776776776776501e+01,-7.664150345751891136e-02
6.786786786786787218e+01,-4.656927510757027933e-02
6.796796796796796514e+01,-1.023976009207827748e-01
6.806806806806807231e+01,-2.033274092118719234e-01
6.816816816816816527e+01,-3.608789873383896896e-02
6.826826826826827244e+01,-1.475567452121079037e-01
6.836836836836837961e+01,-4.471246930881488113e-02
6.846846846846847257e+01,-7.647873780850114600e-02
6.856856856856857974e+01,-1.154750156395568383e-01
6.866866866866867269e+01,-1.803651995944241804e-01
6.876876876876877986e+01,-1.038101974671332139e-01
6.886886886886887282e+01,-8.611261076815583670e-02
6.896896896896897999e+01,1.518636520327519557e-02
6.906906906906907295e+01,5.019444364276891279e-02
6.916916916916918012e+01,-9.623022628520107313e-02
6.926926926926927308e+01,-1.162679313828738070e-01
6.936936936936938025e+01,-3.901523337155669152e-02
6.946946946946947321e+01,-9.174138961266089382e-03
6.956956956956958038e+01,1.334251840805665903e-02
6.966966966966967334e+01,5.867178989177046500e-03
6.976976976976978051e+01,-1.099674507654227334e-01
6.986986986986987347e+01,-9.100742209662592008e-02
6.996996996996998064e+01,-5.460292722627531348e-02
7.007007007007007360e+01,-5.875143938692881096e-02
7.017017017017018077e+01,-8.858055222140889806e-02
7.027027027027027373e+01,-2.594756977449537774e-02
7.037037037037038090e+01,4.969940967194247383e-03
7.047047047047047386e+01,1.938193458638515221e-02
7.057057057057058103e+01,-8.503652983915527264e-02
7.067067067067067399e+01,-6.516994212792083518e-02
7.077077077077078116e+01,-6.412212160157770846e-02
7.087087087087087411e+01,-6.909160662103762396e-02
7.097097097097098128e+01,-8.740182843165682225e-02
7.107107107107107424e+01,-6.215763262354767615e-02
7.117117117117118141e+01,-9.787649498722372776e-02
7.127127127127127437e+01,5.403571402611836300e-02
7.137137137137138154e+01,-2.410345282114426113e-02
7.147147147147147450e+01,-8.208783501486845158e-02
7.157157157157158167e+01,-4.390860938237344663e-02
7.167167167167167463e+01,-2.809397778450872796e-02
7.177177177177178180e+01,-1.963595559493875112e-02
7.187187187187187476e+01,6.243304378061288046e-02
7.197197197197198193e+01,-5.551046151424891134e-02
7.207207207207207489e+01,1.116575720130243317e-02
7.217217217217218206e+01,-2.832071433557382598e-02
7.227227227227227502e+01,-9.151784402303031474e-02
7.237237237237238219e+01,-5.100973370019565994e-02
7.247247247247247515e+01,-2.070543814210561509e-02
7.257257257257258232e+01,4.587702718495813986e-02
7.267267267267267528e+01,3.624131838113105880e-04
7.277277277277278245e+01,2.924923794471485233e-02
7.287287287287287540e+01,4.604104734866131671e-02
7.297297297297298257e+01,2.316215904014739743e-02
7.307307307307307553e+01,-1.855367102498530624e-02
7.317317317317318270e+01,6.170343398130577472e-02
7.327327327327327566e+01,1.210870359849285961e-02
7.337337337337338283e+01,-5.715706531561502018e-02
7.347347347347347579e+01,-3.288417097750565010e-02
7.357357357357358296e+01,1.838916795817970712e-02
7.367367367367367592e+01,1.100730692371299467e-02
7.377377377377378309e+01,2.566560252632437214e-02
7.387387387387387605e+01,-2.254597710138851047e-03
7.397397397397398322e+01,-9.332841767855191983e-02
7.407407407407407618e+01,4.460070367780889777e-02
7.417417417417418335e+01,5.871907954105401450e-02
7.427427427427427631e+01,-1.122396434677894600e-01
7.437437437437438348e+01,1.428693216472811528e-02
7.447447447447447644e+01,-1.729803403037950826e-02
7.457457457457458361e+01,4.623845739223042539e-02
7.467467467467467657e+01,6.477689791018340082e-02
7.477477477477478374e+01,-4.736214546331375674e-02
7.487487487487487670e+01,-2.114412207340136268e-02
7.497497497497498387e+01,4.512715950642884333e-03
7.507507507507507682e+01,2.207991552086830886e-02
7.517517517517518399e+01,3.029531859255029519e-02
7.527527527527527695e+01,1.265829094859119430e-02
7.537537537537538412e+01,-2.715371775708617583e-02
7.547547547547547708e+01,3.154618355150189124e-02
7.557557557557558425e+01,5.964282421989546695e-02
7.567567567567567721e+01,2.034501603212013690e-02
7.577577577577578438e+01,-4.233061652970790401e-02
7.587587587587587734e+01,-3.165626085744571716e-02
7.597597597597598451e+01,-5.315384831564538837e-02
7.607607607607607747e+01,2.375861452618897515e-02
7.617617617617618464e+01,3.208098251112651011e-03
7.627627627627627760e+01,-3.393171237847539268e-02
7.637637637637638477e+01,2.041358428641130637e-02
7.647647647647647773e+01,1.455165262385104546e-02
7.657657657657658490e+01,-5.869238144983783545e-02
7.667667667667667786e+01,9.528046001169063195e-02
7.677677677677678503e+01,-6.616083102474253075e-03
7.687687687687687799e+01,-2.392329829395654223e-02
7.697697697697698516e+01,5.033333795381723236e-03
7.707707707707707812e+01,4.343476282562254431e-02
7.717717717717718529e+01,-3.618926362330151386e-02
7.727727727727727824e+01,-1.718020311423021709e-03
7.737737737737738541e+01,-3.082993380123954033e-02
7.747747747747747837e+01,-3.680361719554427202e-02
7.757757757757758554e+01,-8.047067719153630505e-03
7.767767767767767850e+01,3.121129220001071097e-02
7.777777777777778567e+01,-8.426636966814307628e-02
7.787787787787787863e+01,5.333071833681973101e-02
7.797797797797798580e+01,-4.256447352777074054e-03
7.807807807807807876e+01,5.055778514458248579e-02
7.817817817817818593e+01,-4.019741847176015737e-02
7.827827827827827889e+01,2.513240542430822053e-02
7.837837837837838606e+01,-3.303962461712931648e-02
7.847847847847847902e+01,-6.079893435467689095e-02
7.857857857857858619e+01,-5.047995307099176904e-02
7.867867867867867915e+01,2.320590128702132784e-02
7.877877877877878632e+01,-1.268978935063956315e-01
7.887887887887887928e+01,-1.815778054017836915e-02
7.897897897897898645e+01,1.466546525113931326e-02
7.907907907907907941e+01,-4.088405745898505278e-02
7.917917917917918658e+01,-9.067248278080655699e-02
7.927927927927927954e+01,-7.932772197304550910e-02
7.937937937937938671e+01,-2.176004931643004889e-02
7.947947947947947966e+01,-1.145251768476743537e-01
7.957957957957958683e+01,-3.044081625035996441e-02
7.967967967967967979e+01,-4.322191257352826950e-03
7.977977977977978696e+01,-1.019187954957112840e-01
7.987987987987987992e+01,-4.907922244874846074e-02
7.997997997997998709e+01,-1.369174266352763125e-01
8.008008008008008005e+01,-3.753236032825719992e-02
8.018018018018018722e+01,-5.046003508245262836e-02
8.028028028028028018e+01,1.227241965184242521e-02
8.038038038038038735e+01,1.852183298185137300e-02
8.048048048048048031e+01,-9.755851408897746324e-02
8.058058058058058748e+01,-5.457782882202250052e-02
8.068068068068068044e+01,1.990268503599643482e-02
8.078078078078078761e+01,-2.673773341846350654e-02
8.088088088088088057e+01,-3.973992110878965534e-02
8.098098098098098774e+01,-4.936212221730289229e-02
8.108108108108108070e+01,-8.265395359555020860e-02
8.118118118118118787e+01,-6.800234188980462668e-02
8.128128128128128083e+01,-1.028710348416885662e-02
8.138138138138138800e+01,-1.174442166650782431e-02
8.148148148148148096e+01,5.173991060199705644e-03
8.158158158158158813e+01,-5.259558118049092318e-02
8.168168168168168108e+01,-1.348001992994158349e-01
8.178178178178178825e+01,4.416874815045303271e-03
8.188188188188188121e+01,-4.944332531151179877e-02
8.198198198198198838e+01,-5.069551417610226179e-02
8.208208208208208134e+01,-3.448364927792483409e-02
8.218218218218218851e+01,-5.124333840388042155e-02
8.228228228228228147e+01,-6.930131597579845815e-02
8.238238238238238864e+01,-5.090851136509863539e-02
8.248248248248248160e+01,-6.496295682347549838e-02
8.258258258258258877e+01,2.610959358152007206e-02
8.268268268268268173e+01,-8.806517238794669619e-03
8.278278278278278890e+01,5.385061428346855916e-02
8.288288288288288186e+01,-2.112604146979049982e-02
8.298298298298298903e+01,-1.092055159188310004e-01
8.308308308308308199e+01,-3.054706050568019998e-02
8.318318318318318916e+01,-2.487917045142419570e-02
8.328328328328328212e+01,-1.022577139254145506e-01
8.338338338338338929e+01,-9.848859524127778764e-02
8.348348348348348225e+01,-6.556590438610992999e-02
8.358358358358358942e+01,-6.703119396938014840e-02
8.368368368368368237e+01,-3.095258806111948063e-02
8.378378378378378954e+01,1.908747796933325108e-02
8.388388388388388250e+01,-3.935226633802281493e-02
8.398398398398398967e+01,-4.115370190448573023e-02
8.408408408408408263e+01,-3.217434961768514401e-02
8.418418418418418980e+01,-1.085658229325320995e-01
8.428428428428428276e+01,1.533592614588587602e-02
8.438438438438438993e+01,-1.229541878015301820e-01
8.448448448448448289e+01,-5.374978566609810854e-02
8.458458458458459006e+01,-2.158781235550614325e-02
8.468468468468468302e+01,-1.610573882306975263e-02
8.478478478478479019e+01,-2.293641506502226701e-02
8.488488488488488315e+01,7.169792504382649367e-02
8.498498498498499032e+01,2.003093345823182825e-02
8.508508508508508328e+01,-4.655628006189142104e-02
8.518518518518519045e+01,-3.010586742444779779e-02
8.528528528528528341e+01,3.337576500621333708e-02
8.538538538538539058e+01,-7.323944688935372926e-02
8.548548548548549775e+01,-1.320189754284981642e-01
8.558558558558559071e+01,1.311042229400564453e-02
8.568568568568569788e+01,1.062418833636286919e-01
8.578578578578579084e+01,-1.034367551247204059e-01
8.588588588588589801e+01,7.861586933951163203e-03
8.598598598598599096e+01,-8.361130726417974335e-02
8.608608608608609813e+01,-5.476083144716726442e-02
8.618618618618619109e+01,3.465662154852644505e-02
8.628628628628629826e+01,-5.437850277976570557e-02
8.638638638638639122e+01,-2.536254658443304333e-02
8.648648648648649839e+01,6.113428223507375719e-02
8.658658658658659135e+01,-1.628589222517166230e-02
8.668668668668669852e+01,-2.180962011012248236e-02
8.678678678678679148e+01,-3.739463791643860696e-02
8.688688688688689865e+01,8.114609693125754419e-02
8.698698698698699161e+01,-2.123196428792643517e-02
8.708708708708709878e+01,-3.945310653772454018e-02
8.718718718718719174e+01,-4.260349607234054092e-02
8.728728728728729891e+01,4.302163789046699327e-02
8.738738738738739187e+01,-3.159802714679709607e-02
8.748748748748749904e+01,-5.894981381760143468e-02
8.758758758758759200e+01,6.916177498315079220e-02
8.768768768768769917e+01,-3.946902307951494215e-02
8.778778778778779213e+01,-3.349181394602433054e-02
8.788788788788789930e+01,-7.256089140807106541e-02
8.798798798798799226e+01,-5.331524894576374768e-02
8.808808808808809943e+01,-3.630264661717384767e-02
8.818818818818819238e+01,3.834692512612808413e-02
8.828828828828829955e+01,-1.362230215083716674e-02
8.838838838838839251e+01,-8.567554065747010061e-02
8.848848848848849968e+01,-1.134096171622460923e-02
8.858858858858859264e+01,-1.429789875511970794e-02
8.868868868868869981e+01,6.244084534684420790e-02
8.878878878878879277e+01,8.248100623263478204e-02
8.888888888888889994e+01,5.397373459300951887e-02
8.898898898898899290e+01,-3.710525235474892297e-02
8.908908908908910007e+01,-6.278982040403281728e-02
8.918918918918919303e+01,6.302622457045794352e-04
8.928928928928930020e+01,-9.865117266432776866e-02
8.938938938938939316e+01,-8.193725033168690330e-02
8.948948948948950033e+01,2.386303172448581839e-02
8.958958958958959329e+01,5.558918709234912658e-02
8.968968968968970046e+01,3.285997978923525104e-02
8.978978978978979342e+01,-3.790287899158570339e-02
8.988988988988990059e+01,-3.434556952191387263e-02
8.998998998998999355e+01,-6.272445496844983315e-02
9.009009009009010072e+01,-4.187749084830864194e-02
9.019019019019019368e+01,-1.581743611510686431e-01
9.029029029029030085e+01,-9.405494382769365169e-02
9.039039039039039380e+01,-3.520098983807190551e-02
9.049049049049050097e+01,3.185272000863997172e-02
9.059059059059059393e+01,5.319205769084213442e-02
9.069069069069070110e+01,-1.068486679688751828e-01
9.079079079079079406e+01,-7.561034852147370533e-02
9.089089089089090123e+01,3.719136724146637069e-02
9.099099099099099419e+01,-5.245021057166632424e-03
9.109109109109110136e+01,-3.538897250624959551e-02
9.119119119119119432e+01,5.644313006114767307e-03
9.129129129129130149e+01,-5.296629449923403316e-02
9.139139139139139445e+01,1.676190721931087972e-03
9.149149149149150162e+01,-6.712376559216422234e-02
9.159159159159159458e+01,-2.449094116298388552e-02
9.169169169169170175e+01,1.527750946517945560e-02
9.179179179179179471e+01,-9.168547131736494438e-02
9.189189189189190188e+01,-3.693156520663186393e-02
9.199199199199199484e+01,-4.560562259811629798e-02
9.209209209209210201e+01,4.345506792794884277e-02
9.219219219219219497e+01,1.360243818190246326e-02
9.229229229229230214e+01,-1.430037355204756278e-01
9.239239239239239510e+01,4.728845710433683680e-02
9.249249249249250227e+01,-4.177923884682167160e-02
9.259259259259259522e+01,-3.757529957421570227e-02
9.269269269269270239e+01,-6.959109656876324816e-03
9.279279279279279535e+01,-6.872658443519137628e-02
9.289289289289290252e+01,-7.009055101045164049e-02
9.299299299299299548e+01,2.421034179526780281e-02
9.309309309309310265e+01,-5.542318279911236101e-02
9.319319319319319561e+01,-9.312815510897498594e-02
9.329329329329330278e+01,8.029532074122609775e-02
9.339339339339339574e+01,-9.731207980137875080e-02
9.349349349349350291e+01,-1.183050507130163631e-01
9.359359359359359587e+01,-3.832416325860660278e-02
9.369369369369370304e+01,-8.221532460520031282e-02
9.379379379379379600e+01,-1.159403938893889818e-01
9.389389389389390317e+01,4.662707827858062620e-02
9.399399399399399613e+01,-4.770294285995127503e-02
9.409409409409410330e+01,-7.383943917144465685e-02
9.419419419419419626e+01,-2.545765290729618685e-02
9.429429429429430343e+01,-1.572811157229611345e-01
9.439439439439439639e+01,5.587587286328357661e-02
9.449449449449450356e+01,-7.740809460818705301e-02
9.459459459459459651e+01,-1.936721353462705908e-02
9.469469469469470368e+01,-3.383877412320256128e-02
9.479479479479479664e+01,5.094688637869294878e-02
9.489489489489490381e+01,-1.216907758419713548e-01
9.499499499499499677e+01,-1.101393102640501886e-01
9.509509509509510394e+01,-2.831347999297090245e-02
9.519519519519519690e+01,-3.410623634989781890e-03
9.529529529529530407e+01,-6.876447907585286901e-02
9.539539539539539703e+01,-2.109988892412092976e-02
9.549549549549550420e+01,-1.022482777186777270e-01
9.559559559559559716e+01,-3.093248504856095128e-03
9.569569569569570433e+01,-8.202221832546061075e-02
9.579579579579579729e+01,-1.011215400751002413e-01
9.589589589589590446e+01,-6.181560567350691954e-02
9.599599599599599742e+01,-1.838508371501345467e-02
9.609609609609610459e+01,-1.025821461997954848e-02
9.619619619619619755e+01,-6.076788308181246823e-02
9.629629629629630472e+01,-3.503441184186810702e-03
9.639639639639639768e+01,-5.942768980190840655e-02
9.649649649649650485e+01,3.458808026238215094e-02
9.659659659659659781e+01,-4.048131437045096592e-02
9.669669669669670498e+01,7.800921295162514812e-02
9.679679679679679793e+01,4.352474421822712103e-02
9.689689689689690510e+01,1.560448774344568544e-02
9.699699699699699806e+01,-7.473732869306311255e-02
9.709709709709710523e+01,-5.479703872402377773e-02
9.719719719719719819e+01,-6.316891907598361222e-02
9.729729729729730536e+01,-7.975330447289555313e-02
9.739739739739739832e+01,-7.256606804984004622e-02
9.749749749749750549e+01,1.313569275670536246e-02
9.759759759759759845e+01,-4.084505769279205695e-02
9.769769769769770562e+01,-9.562085413643002518e-02
9.779779779779779858e+01,-9.492996431948613756e-02
9.789789789789790575e+01,-6.610021758104982215e-02
9.799799799799799871e+01,8.047088669059178356e-02
9.809809809809810588e+01,5.334440090264491729e-02
9.819819819819819884e+01,-3.173263950187009408e-02
9.829829829829830601e+01,6.679185019403127352e-03
9.839839839839839897e+01,-2.621996571080990879e-02
9.849849849849850614e+01,-6.144600968568014049e-02
9.859859859859859910e+01,-3.339854531447470493e-02
9.869869869869870627e+01,-4.342792177340731342e-03
9.879879879879879923e+01,-3.668491422482775960e-02
9.889889889889890640e+01,-3.388930405687214792e-02
9.899899899899899935e+01,-5.514051429538751464e-02
9.909909909909910652e+01,-3.149793155886898566e-02
9.919919919919919948e+01,-6.561795867412084649e-02
9.929929929929930665e+01,1.648427293918224013e-02
9.939939939939939961e+01,-1.314612184831111530e-01
9.949949949949950678e+01,2.585012115696530902e-02
9.959959959959959974e+01,-2.375171980664694468e-02
9.969969969969970691e+01,9.400188608004919275e-03
9.979979979979979987e+01,-3.568921058094641149e-03
9.989989989989990704e+01,3.346467919400103897e-03
1.000000000000000000e+02,-6.430905244857131747e-03
